,Sample_ID,Change_points,slope,Rsquared,Gmin_mean,K,VPD,mean_T,mean_RH,mean_Patm,mean_area,Campaign
0,B17_LITU_BL_11,[1064.],-3.4267337060436185e-05,0.1810157284847845,0.06935948807205525,-3.1702104232662665e-05,1.3194462600142736,26.330513833992093,61.878018774703555,101.32500000000002,0.035100000000000006,auto_gmin_testdataset
