,Sample_ID,Change_points,slope,Rsquared,Gmin_mean,K,VPD,mean_T,mean_RH,mean_Patm,mean_area,Campaign
0,B17_LITU_BL_11,[1616.],-2.8345999623883808e-05,0.0710953568224918,0.05631972086872054,-2.622403465639891e-05,1.3441524018750244,26.464300271739127,61.47129076086956,101.32500000000002,0.035100000000000006,auto_gmin_testdataset
