,Sample_ID,Change_points,slope,Rsquared,Gmin_mean,K,VPD,mean_T,mean_RH,mean_Patm,mean_area,Campaign
0,B17_LITU_BL_11,"[2009.9684694547834, 2511.363258156338]",-1.737074500768049e-05,0.003152386440412536,0.03447501550736916,-1.6070381187229666e-05,1.3456471751474721,26.47782,61.45936000000001,101.32500000000006,0.0351,auto_gmin_testdataset
