,Sample_ID,Change_points,slope,Rsquared,Gmin_mean,K,VPD,mean_T,mean_RH,mean_Patm,mean_area,Campaign
0,B17_LITU_BL_11,[1228.],-2.7137319154091123e-05,0.10417196211491489,0.05459191838432558,-2.5105835300266517e-05,1.3275650653595719,26.37562365591398,61.746016129032256,101.32500000000003,0.035100000000000006,auto_gmin_testdataset
