,Sample_ID,Change_points,slope,Rsquared,Gmin_mean,K,VPD,mean_T,mean_RH,mean_Patm,mean_area,Campaign
0,B22_LITU_BL_09,[1148.],-0.00014489749596090714,0.8236899601337162,0.1796003532528902,-0.00013405055408603804,1.3234999368531057,26.353099173553716,61.812133264462815,101.32500000000003,0.05714182599999998,auto_gmin_testdataset (another copy)
