,Sample_ID,Change_points,slope,Rsquared,Gmin_mean,K,VPD,mean_T,mean_RH,mean_Patm,mean_area,Campaign
0,B22_LITU_BL_09,[1920.5657981169252],-0.0001106326750369331,0.5030774975553832,0.13425234262372795,-0.00010235077763333227,1.3518601684109193,26.50025,61.332879310344836,101.32500000000003,0.05714182600000001,auto_gmin_testdataset (another copy)
