,index,Sample_ID,Change_points,slope,Rsquared,Gmin_mean,K,VPD,mean_T,mean_RH,mean_Patm,mean_area,Campaign
0,0,B22_LITU_BL_09,1148.0,-0.00014489749596090714,0.8236899601337162,0.1796003532528902,-0.00013405055408603804,1.3234999368531057,26.353099173553716,61.812133264462815,101.32500000000003,0.05714182599999998,auto_gmin_testdataset (another copy)
1,0,B17_LITU_BL_11,1228.0,-2.7137319154091123e-05,0.10417196211491489,0.05459191838432558,-2.5105835300266517e-05,1.3275650653595719,26.37562365591398,61.746016129032256,101.32500000000003,0.035100000000000006,auto_gmin_testdataset
