,index,Sample_ID,Change_points,slope,Rsquared,Gmin_mean,K,VPD,mean_T,mean_RH,mean_Patm,mean_area,Campaign
0,0,B22_LITU_BL_09,1140.0,-0.00014561512795845864,0.8254005755422512,0.1805398332098639,-0.00013471446457161054,1.3231335764506487,26.350941358024688,61.81781378600823,101.32500000000005,0.05714182599999997,auto_gmin_testdataset (another copy)
1,0,B17_LITU_BL_11,1636.0,-2.6700942327386347e-05,0.06172689874551091,0.053034600559004996,-2.4702125387806303e-05,1.3445734010239694,26.46718319559229,61.465812672176305,101.32500000000003,0.035100000000000006,auto_gmin_testdataset
