,index,Sample_ID,Change_points,slope,Rsquared,Gmin_mean,K,VPD,mean_T,mean_RH,mean_Patm,mean_area,Campaign
0,0,B22_LITU_BL_09,1180.0,-0.0001432090050459112,0.8162205109832201,0.1772882149912808,-0.0001324884626142467,1.3251367280420017,26.362085084033613,61.785294117647055,101.32500000000005,0.057141825999999986,auto_gmin_testdataset (another copy)
1,0,B17_LITU_BL_11,1064.0000000000002,-3.4267337060436185e-05,0.1810157284847845,0.06935948807205525,-3.1702104232662665e-05,1.3194462600142736,26.330513833992093,61.878018774703555,101.32500000000002,0.035100000000000006,auto_gmin_testdataset
