,Sample_ID,Change_points,slope,Rsquared,Gmin_mean,K,VPD,mean_T,mean_RH,mean_Patm,mean_area
0,grenache1,[66.],-0.0005978397827591093,0.9955557360002467,11.328266903712242,-0.0005530858459773309,1.9182020113397955,25.0,40.0,101.325,0.002579
1,syrah4,[126.82584804768],-0.00036864113052231866,0.9738299010112105,8.839538936129502,-0.0003410448709117285,1.9182020113397955,25.0,40.0,101.325,0.002038
2,B17_LITU_BL_11,"[1154.254696737464, 3026.128574556601]",-2.7254073114555223e-05,0.1093468533643354,0.05502830089908948,-2.5213849127476995e-05,1.32270362077806,26.349375,61.82667200854701,101.32500000000005,0.035100000000000006
3,B22_LITU_BL_09,[912.],-0.00016952010581798414,0.8502509512607013,0.21168172111349667,-0.00015682992975776133,1.3137359608270942,26.2991620626151,61.972279005524854,101.32500000000002,0.057141825999999986
