,index,Sample_ID,Change_points,slope,Rsquared,Gmin_mean,K,VPD,mean_T,mean_RH,mean_Patm,mean_area,Campaign
0,0,B22_LITU_BL_09,1136.0,-0.00014594488854520303,0.8263718793753129,0.18097606152639703,-0.00013501953947353123,1.3229334197672764,26.34977412731006,61.82094455852157,101.32500000000005,0.05714182599999997,auto_gmin_testdataset (another copy)
1,0,B17_LITU_BL_11,1616.0,-2.834599962388383e-05,0.07109535682249171,0.05631972086872058,-2.622403465639893e-05,1.3441524018750244,26.464300271739127,61.47129076086956,101.32500000000002,0.035100000000000006,auto_gmin_testdataset
